name,genre,link,start_time,end_time
jnab_settat_v2,3ayta,https://youtu.be/zbxOJZypBZU,29,
3awniat_3ayti_lih,3awniat,https://www.youtube.com/watch?v=ZPDPYbDB8RA,,147
3awniat_9arab_yawlidi,3awniat,https://youtu.be/6ajkWKt47H8?list=RD6ajkWKt47H8&t=66,0,158
wa3di,maghribi_classic,https://youtu.be/iZJLunChmAA,,,
yamkn_faytli_cheftk,maghribi_classic,https://www.youtube.com/watch?v=cV7TXFua-dE,,,
yalli_sourtek,maghribi_classic,https://www.youtube.com/watch?v=Jf_9ghpTFEU,,,
mana_illa_bachar,maghribi_classic,https://youtu.be/KfJ2oeuBO44,3,280,
ya_lghadi_ftomobil,maghribi_classic,https://www.youtube.com/watch?v=oXTJss9Us_o,10,280,
do3a2_nasiri_chenouani,anachid,https://youtu.be/tgHtPpduHOY,,292
nejma_fo9ara,anachid,https://youtu.be/kmZO6og7Icc,,167
borda_maghribi,anachid,https://youtu.be/kmZO6og7Icc,7,,
nassiri_maghribi,anachid,https://youtu.be/MmfPwVa6ArA,,,
jnab_settat_v1,3ayta,https://youtu.be/zbxOJZypBZU,45,, 
indila_mini_world,western,https://www.youtube.com/watch?v=suRElMxSzMU,9,306
ya_liam_miloudi,chaabi_3roubi,https://www.youtube.com/watch?v=iZzGsAR6_HU,,
sahbi_daoudia,chaabi_3roubi,https://www.youtube.com/watch?v=vy-fd-0YjU0,,225
lwad_lwad,3ayta,https://youtu.be/lIkQ0yrsYaY,7,,
jalini_mahfoudi,3ayta,https://www.youtube.com/watch?v=mYEbQ4KWB0g,5,,
kharboucha_essoufi,3ayta,https://www.youtube.com/watch?v=GhexQb9dCcs,41,
jalini_daoudi,3ayta,https://youtu.be/JBpDjxqFha4,27,478,
baba_salh,swaken,https://www.youtube.com/watch?v=gqozHNbnXe0,,,
doukala_t3jb,3awniat,https://youtu.be/ABGrx9TnLuE,,99
za3ri_fatin,3ayta,https://www.youtube.com/watch?v=DMXLYrD11Ks,7,,
amin_ya9ina,enthousiastic,https://youtu.be/tZLDEUFtnX0?list=RDtZLDEUFtnX0&t=5,,,
lmoussem_bouchnak,nostalgic,https://www.youtube.com/watch?v=JjGQzwSZohU,,,
ya_lili_ammor,ray,https://youtu.be/UtYwvgLrM3U,13,,
achof_jamal_el2amar,tarab,https://www.youtube.com/watch?v=nBwlJjZ8QGg,,,
bahibak_yasahbi,tarab,https://www.youtube.com/watch?v=WWd2pDglrDw,21,,
waldi_mardi,3awniat,https://youtu.be/O1r2jPM3GSI,13,243,
we_wanna,western,https://youtu.be/MoXY07NHnXQ,,,
mix_echo,comedy,https://youtu.be/iAIslMy69F4,,,
lghaba,chaabi_3roubi,https://youtu.be/bNgwA-Nk_1o,,,
zaa3ri,3ayta,https://youtu.be/Lc5qNvYeM4k,41,,
ana_mlit,ray,https://youtu.be/HsiV1X6DzBc,,,
lbsir,3ayta,https://youtu.be/c5cltcfMQ7I,231,661,
3alwa_lbsir,3ayta,https://youtu.be/9_Slto7huVM,31,,
dak_l3mrawi,3ayta,https://youtu.be/7QJ4K3Qo3d4,49,,
ach_dani_wach_jabni,swaken,https://youtu.be/fK-GWSNLCkU,9,,
twa7cht_lblad_dinstinct,maghribi_modern,https://youtu.be/R361oM6pBn8,2163,2327
ah_ya_7iliw,tarab,https://youtu.be/gqzLxC3mRKA,387,589,
lana_lah,tarab,https://youtu.be/vq15ee1EuD0,0,823,
salam_salam_abdo,tarab,https://youtu.be/28VkKyWT5Fs,,,
lan_aslakom_walaa,tarab,https://youtu.be/DOsDm25BUz8,39,401,
in_konti_nassi,tarab,https://youtu.be/SC02AJlZLjw,,,
ya_sabro_joundi,tarab,https://youtu.be/B47DEuVFN4w,,260,
li_sabr_7doud_cherin,tarab,https://youtu.be/nVvZNjfPmvo,5,,
3ala_7issb_wded,tarab,https://youtu.be/PrH6G_MnAcA,5,,
ramchti_3in,tarab,https://youtu.be/9QKQEosxk6U,,,
yaman,tarab,https://youtu.be/7k35m6fxXo4,187,757,
sabah_fakhri,tarab,https://youtu.be/GLuYIvBZ3jQ,,,
zay_3assal,tarab,https://www.youtube.com/watch?v=k4dJ_T5vJCQ,,,
t3ala_ngoulek,nostalgic,https://www.youtube.com/watch?v=qnQlXczcRn8,,,
ya_sidi_ana_7or,maghribi_classic,https://youtu.be/oUKePy4IAvI,,,
7na_mgharba,enthousiastic,https://youtu.be/y0_D8CqaqIY,,,
cheft_lkhatm_samih,maghribi_classic,https://youtu.be/cTCCvsMNMWI,,,
yaka_jar7i_sami7,maghribi_classic,https://youtu.be/wNybuAzmA9k,,,
9itar_l7ayat,maghribi_classic,https://youtu.be/H8XhEYVZ1Lg,,,
mal_zine,maghribi_classic,https://youtu.be/3aAfbRzxCvM,,,
mounfarija,anachid,https://youtu.be/hxPyhswmPto,,,
amri_lilah,maghribi_classic,https://youtu.be/vQF8cFQZxWk,,,
idiro_majhodhom,3awniat,https://youtu.be/cjm_YlwNVKY,,,
sidi_3li_daoudia,swaken,https://youtu.be/Ktucd1PZurU,27,,
bant_riche,chaabi_3roubi,https://youtu.be/B48lGGwwM4E,105,,
bant_elkhayala,chaabi_3roubi,https://youtu.be/JhBQl-d_4MU,82,,
bard_o_skhoun,maghribi_classic,https://youtu.be/qAaQYWB6Bs4,1,,
amrk_ba9i_m7ayrni_faysal,maghribi_classic,https://youtu.be/2yeT2wZ8WBY,,,
ga3_nbgho_draham,ray,https://youtu.be/Uqb4bNqSaV8,,,
rawa7_mab9ach_chan,ray,https://youtu.be/mGdU4Fg7z1Q,7,,
rani_mara_hna,ray,https://youtu.be/QB1b2WrAnEs,,,
zhar,ray,https://youtu.be/hFeUPvTaaZo,,,